<?xml version="1.0" encoding="UTF-8"?>

<root-container name="loop test" width="850" height="359">
  <node name="start" x="136" y="28" width="132" height="36">
    <edge>
      <label x="5" y="-10"/>
    </edge>
  </node>
  <node name="repeatable" x="137" y="164" width="132" height="36">
    <edge>
      <label x="5" y="-10"/>
      <bendpoint w1="107" h1="1" w2="108" h2="70"/>
      <bendpoint w1="106" h1="-72" w2="107" h2="-3"/>
    </edge>
  </node>
  <node name="iterator" x="135" y="92" width="132" height="36">
    <edge>
      <label x="5" y="-10"/>
    </edge>
    <edge>
      <label x="3" y="-11"/>
      <bendpoint w1="-148" h1="1" w2="-151" h2="-145"/>
      <bendpoint w1="-147" h1="142" w2="-150" h2="-4"/>
    </edge>
  </node>
  <node name="end" x="138" y="238" width="132" height="36"/>
</root-container>
