<?xml version="1.0" encoding="UTF-8"?>

<process-definition  xmlns="urn:jbpm.org:jpdl-3.2"  name="loop test">


	<start-state name="start">
		<transition to="iterator"></transition>
	</start-state>


	<task-node name="repeatable">
	 <task name="repeatable">
	 <assignment actor-id="x"></assignment>
			<description>
				test
			</description>
		</task>
		<event type="task-create">
         <action name="simpleDataflowActionHandler"
		class="gleam.executive.workflow.sm.JbpmDataflowHandlerProxy"
		config-type="bean">
		<targetBean>simpleDataflowActionHandler</targetBean>
		<targetProperties>
		   <property name="mode" type="in" scope="global" empty="true"></property>
	       <property name="message" type="in" scope="local" empty="false" ref="item"></property>
	    </targetProperties>
     </action>
      </event>    
		<transition to="iterator"></transition>
	</task-node>

	<decision name="iterator">
	<handler class="gleam.executive.workflow.sm.JbpmDataflowHandlerProxy"  config-type="bean">
			<targetBean>loopDecisionHandler</targetBean> 
			<targetProperties>
		   <property name="CSVList" type="in" scope="global" empty="false"></property>
		   <property name="counter" type="inout" scope="local" empty="true"></property>
	       <property name="item" type="out" scope="local" empty="true"></property>
	    </targetProperties>
			</handler>
		<transition name="Repeat" to="repeatable"></transition>
		<transition to="end" name="Finish"></transition>
	</decision>


	<end-state name="end"></end-state>


</process-definition>