<?xml version="1.0" encoding="UTF-8"?>

<process-definition 
  xmlns="urn:jbpm.org:jpdl-3.2"
  name="review">

   <description>
		1
	</description>


	<swimlane name="curator">
    <assignment class="gleam.executive.workflow.sm.JbpmDataflowHandlerProxy" 
             config-type="bean">
			<targetBean>roleBasedSwimlaneAssignmentHandler</targetBean>
 </assignment>
   </swimlane>

<event type="process-start">
			<script>
			<expression>
       			 reviewInfo = new java.lang.String("Firstly download the corpus to your local drive, then review it in GATE Developer and save modified corpus. Lastly, upload the saved corpus (as a zip file) back and click 'Finish' button below.");   			 
      		    </expression>
      		<variable name='reviewInfo' access='write' />
		</script>
	</event>

	<start-state name="start">
		<transition to="review"></transition>
	</start-state>
  
   <task-node name="review">
       <event type="task-create">
        <action name="mailActionHandler" class="gleam.executive.workflow.sm.JbpmDataflowHandlerProxy" config-type="bean">
		<targetBean>mailActionHandler</targetBean>
		<targetProperties>
		  <property name="mode" type="in" scope="global" empty="true"></property>
		  <property name="to" type="in" scope="global" empty="false" ref="curatorCSVList"></property>
		  <property name="cc" type="in" scope="global" empty="false" ref="initiator"></property>
		  <property name="subject" type="in" scope="global" empty="false">Notification - Review Task has been created!</property>
          <property name="template" type="in" scope="global" empty="true">pooledTask.vm</property>
	    </targetProperties>
	    </action>
	    </event>
	   
		<transition to="end" name="Finish"></transition>
      
	        
	  <task name="review" description="Here you can execute review task. First download the corpus to your local drive, then review it in GATE Developer and save modified corpus. Lastly, upload the corpus back as a zip archive." swimlane="curator" priority="2">
        <controller>
         <variable name="reviewInfo" access="read" mapped-name="L_Info"></variable>
         <variable name="annotationSchemaCSVURLs" access="read" mapped-name="B_Annotation Schemas"></variable>
		 <variable name="corpusId" access="read,write" mapped-name="H_Corpus"></variable>
		 <variable name="downloadCorpusLink" access="read,write" mapped-name="U_/corpora.html?method=downloadCorpus&amp;corpusID=H_Corpus&amp;disableGzip=true_Corpus"></variable>
		 <variable name="addCorpus" access="read,write" mapped-name="U_/popupEditUploadFile.html?method=edit&amp;corpusID=H_Corpus&amp;delete=true&amp;popup=true_Upload Corpus"></variable>
        </controller>
      </task>
   </task-node>


	<end-state name="end"></end-state>

</process-definition>
