<?xml version="1.0" encoding="UTF-8"?>

<root-container name="setup" width="471" height="553">
  <node name="start" x="135" y="10" width="113" height="36">
    <edge>
      <label x="5" y="-10"/>
    </edge>
  </node>
  <node name="annotation modes" x="104" y="72" width="175" height="36">
    <edge>
      <label x="-19" y="-12"/>
    </edge>
  </node>
  <node name="do manual?" x="42" y="235" width="138" height="36">
    <edge>
      <label x="-11" y="-16"/>
    </edge>
    <edge>
      <label x="7" y="-6"/>
    </edge>
  </node>
  <node name="manual annotation" x="230" y="235" width="152" height="36">
    <edge>
      <label x="-19" y="-15"/>
    </edge>
  </node>
  <node name="automatic annotation" x="231" y="142" width="151" height="36">
    <edge>
      <label x="-21" y="-14"/>
    </edge>
    <edge>
      <label x="-90" y="4"/>
      <bendpoint w1="0" h1="-38" w2="0" h2="-38"/>
      <bendpoint w1="92" h1="-39" w2="92" h2="-39"/>
      <bendpoint w1="93" h1="-8" w2="93" h2="-8"/>
    </edge>
  </node>
  <node name="template overview" x="112" y="413" width="180" height="36">
    <edge>
      <label x="5" y="-10"/>
    </edge>
    <edge>
      <label x="13" y="153"/>
      <bendpoint w1="-170" h1="0" w2="-161" h2="307"/>
      <bendpoint w1="-170" h1="-339" w2="-159" h2="2"/>
    </edge>
  </node>
  <node name="do automatic?" x="44" y="141" width="135" height="36">
    <edge>
      <label x="-8" y="-17"/>
    </edge>
    <edge>
      <label x="2" y="-17"/>
    </edge>
  </node>
  <node name="do post-processing?" x="41" y="343" width="142" height="36">
    <edge>
      <label x="-9" y="-17"/>
    </edge>
    <edge>
      <label x="5" y="-10"/>
    </edge>
  </node>
  <node name="post-processing" x="227" y="343" width="153" height="36">
    <edge>
      <label x="5" y="-10"/>
    </edge>
    <edge>
      <label x="-86" y="1"/>
      <bendpoint w1="94" h1="-2" w2="94" h2="-2"/>
      <bendpoint w1="93" h1="-35" w2="93" h2="-35"/>
      <bendpoint w1="-1" h1="-34" w2="-1" h2="-34"/>
    </edge>
  </node>
  <node name="end" x="145" y="480" width="111" height="36"/>
</root-container>
