<?xml version="1.0" encoding="UTF-8"?>
<process-definition  xmlns="urn:jbpm.org:jpdl-3.2"  name="setup">
	<description>
		1006061625
	</description>


	<start-state name="start">
		<transition to="annotation modes"></transition>
	</start-state>
	<task-node name="annotation modes">
	<event type="node-enter">
			<script>
			<expression>
       			 annotatorHasToBeUniqueForDocument = new java.lang.String("on");
       			 anonymousAnnotation = new java.lang.String("on");
       			 canCancel = new java.lang.String("on");  
       			 preProcessingPipelineCSVList = new java.lang.String("");
       			 postProcessingPipelineCSVList = new java.lang.String("");
       			   
      		    </expression>
      		<variable name='annotatorHasToBeUniqueForDocument' access='write' />
      		<variable name='anonymousAnnotation' access='write' />
      		<variable name='canCancel' access='write' />
		</script>
	</event>
	<task description="Here you can specify the modes in the annotation process. If you want to pre-process your corpus, tick 'Automatic Annotation'. If you want human annotators to annotate corpus, tick 'Manual Annotation'. Finally, if you want to post-process document and export result in 'consensus' annotation set, tick 'Post-processing'." name="annotation modes" priority="0">
         <assignment actor-id="#{initiator}" />
         <controller>
         <variable name="doAutomatic" access="read,write" mapped-name="X_Automatic Annotation"></variable>
		 <variable name="doManual" access="read,write" mapped-name="X_Manual Annotation"></variable>
		 <variable name="doPostProcessing" access="read,write" mapped-name="X_Post-Processing"></variable>
		 </controller>
      </task>
		<transition to="do automatic?" name="Next"></transition>
	</task-node>
	<decision name="do manual?">
		<transition to="manual annotation" name="Yes"><condition>#{doManual=="on"}</condition></transition>
		<transition to="do post-processing?" name="No"><condition>#{doManual!="on"}</condition></transition>
	</decision>
	<task-node name="manual annotation">
	<task description="Here you can select users for manual annotation and choose annotation rules" name="manual annotation" priority="0">
          <assignment actor-id="#{initiator}" />
         <controller>
          <variable name="preManualServiceId" access="read,write,required" mapped-name="C_:annotationServiceList_Pre-Manual Service"></variable> 
         <variable name="annotatorsPerDocument" access="read, write" mapped-name="C_:numOfPerformersPerTaskList_Annotators per Document"></variable>
         <variable name="canCancel" access="read, write" mapped-name="X_Cancel Task Allowed"></variable>
         <variable name="anonymousAnnotation" access="read,write" mapped-name="X_Anonymous Annotation"></variable>			
		 <variable name="annotationSchemaCSVURLs" access="read,write,required" mapped-name="M_:annotationSchemaList;_Annotation Schemas"></variable>
		 <variable name="addSchema" access="read,write" mapped-name="U_/popupAddSchema.html?method=Add&amp;popup=true_Add Schema"></variable>
        </controller>
      </task>
		<transition to="do post-processing?" name="Next"></transition>
	</task-node>
	<task-node name="automatic annotation">
		<description>
			Automatic Annotation
		</description>
		<task name="automatic annotation" priority="0" description="Here you can select annotation services for automatic annotation." >
		<assignment actor-id="#{initiator}" />
         <controller>
         <variable name="preProcessingServiceId" access="read,write,required" mapped-name="C_:annotationServiceList_AnnotationService"></variable> 
		</controller>
		</task>
		<event type="node-leave">
		 <action name="gasConfigurationActionHandler"
		class="gleam.executive.workflow.sm.JbpmDataflowHandlerProxy"
		config-type="bean">
		<targetBean>gasConfigurationActionHandler</targetBean>
		 <targetProperties>
 	       <property name="serviceId" type="in" scope="global" ref="preProcessingServiceId" empty="false"></property>
	       <property name="gasPipelineCSVList" type="inout" scope="global" ref="preProcessingPipelineCSVList" empty="true"></property>
         </targetProperties>
       </action>
		</event>
		<transition to="do manual?" name="Next"></transition>
		<transition to="automatic annotation" name="Save And Add Another"></transition>
	</task-node>
	<task-node name="template overview">
		 <task description="If you are happy with the settings below, save the, otherwise restart project template configuration" name="template overview" priority="0">
		 <assignment actor-id="#{initiator}" />
         <controller>
         <variable name="projectName" access="read" mapped-name="L_Project Name"></variable>
         <variable name="projectDescription" access="read" mapped-name="A_Project Description"></variable>
		 <variable name="doAutomatic" access="read" mapped-name="X_Automatic Annotation"></variable>
		 <variable name="doManual" access="read" mapped-name="X_Manual Annotation"></variable>
         <variable name="annotationSchemaCSVURLs" access="read" mapped-name="L_Annotation Schemas"></variable>
		 <variable name="annotatorsPerDocument" access="read" mapped-name="L_Annotators per Document"></variable>
         <variable name="canCancel" access="read" mapped-name="X_Cancel Task Allowed"></variable>
         <variable name="anonymousAnnotation" access="read" mapped-name="X_Anonymous Annotation"></variable>		
	 	 <variable name="preProcessingPipelineCSVList" access="read" mapped-name="M_:annotationServiceListByCSVIdsList;preProcessingPipelineCSVList_Annotation services to be executed"></variable>
	 	 <variable name="preManualServiceId" access="read" mapped-name="M_:annotationServiceListByCSVIdsList;preManualServiceId_Pre-Manual Service"></variable>
	     <variable name="postProcessingPipelineCSVList" access="read" mapped-name="M_:annotationServiceListByCSVIdsList;postProcessingPipelineCSVList_Post-processing services to be executed"></variable>
	 	 </controller>
      </task>
		<transition to="end" name="Save Template">
		<action name="applyProjectSettingsActionHandler"
		class="gleam.executive.workflow.sm.JbpmDataflowHandlerProxy"
		config-type="bean">
		<targetBean>applyProjectSettingsActionHandler</targetBean>
		 <targetProperties>
	  	  <property name="projectName" type="in" scope="global" empty="false"></property>
         </targetProperties>
       </action>
		</transition>
		<transition to="annotation modes" name="Start Again">
		<script name="reset">
				executionContext.getContextInstance().getVariables().clear();
			</script>
		</transition>
	</task-node>
    <decision name="do automatic?">
		<transition to="automatic annotation" name="Yes">
			<condition>
				#{doAutomatic=="on"}
			</condition>
		</transition>
		<transition to="do manual?" name="No">
			<condition>
				#{doAutomatic!="on"}
			</condition>
		</transition>
	</decision>

	<decision name="do post-processing?">
		<transition to="post-processing" name="Yes">
			<condition>
				#{doPostProcessing=="on"}
			</condition>
		</transition>
		<transition to="template overview" name="No">
		<condition>
				#{doPostProcessing!="on"}
			</condition>
		</transition>
	</decision>

	<task-node name="post-processing">
		<task name="select post-processing service" description="Here you can select Post-Processing service(s)" priority="0">
          <assignment actor-id="#{initiator}" />
         <controller>
          <variable name="postProcessingServiceId" access="read,write" mapped-name="C_:annotationServiceList_Post-Processing Service"></variable>
        </controller>
      </task>
      <event type="node-leave">
		 <action name="gasConfigurationActionHandler"
		class="gleam.executive.workflow.sm.JbpmDataflowHandlerProxy"
		config-type="bean">
		<targetBean>gasConfigurationActionHandler</targetBean>
		 <targetProperties>
 	       <property name="serviceId" type="in" scope="global" ref="postProcessingServiceId" empty="false"></property>
	       <property name="gasPipelineCSVList" type="inout" scope="global" ref="postProcessingPipelineCSVList" empty="true"></property>
         </targetProperties>
       </action>
		</event>
		<transition to="template overview" name="Next"></transition>
		<transition to="post-processing" name="Save And Add Another"></transition>
	</task-node>
    <end-state name="end"></end-state>

</process-definition>