<?xml version="1.0" encoding="UTF-8"?>

<root-container name="manual annotation" width="197" height="376">
  <node name="start" x="17" y="16" width="135" height="36">
    <edge>
      <label x="5" y="-10"/>
    </edge>
  </node>
  <node name="fork" x="18" y="82" width="136" height="36">
    <edge>
      <label x="5" y="-10"/>
    </edge>
  </node>
  <node name="annotate" x="18" y="167" width="137" height="36">
    <edge>
      <label x="5" y="-10"/>
      <bendpoint w1="-48" h1="41" w2="-49" h2="-36"/>
    </edge>
    <edge>
      <label x="3" y="-10"/>
      <bendpoint w1="46" h1="43" w2="45" h2="-34"/>
    </edge>
  </node>
  <node name="join1" x="18" y="250" width="138" height="24">
    <edge>
      <label x="5" y="-10"/>
    </edge>
  </node>
  <node name="end" x="20" y="313" width="132" height="36"/>
</root-container>
