<?xml version="1.0" encoding="UTF-8"?>

<process-definition  xmlns="urn:jbpm.org:jpdl-3.2"  name="manual annotation">
 <description>
		1006061625
	</description>

 <swimlane name="annotator"> 
 <assignment class="gleam.executive.workflow.sm.JbpmDataflowHandlerProxy" 
             config-type="bean">
			<targetBean>roleBasedSwimlaneAssignmentHandler</targetBean>
 </assignment>
 </swimlane>

	<start-state name="start">
		<transition to="fork"></transition>
	</start-state>


	<node name="fork">
	    
		<action name="forkAndInitDocumentFlowsActionHandler"
			class="gleam.executive.workflow.sm.JbpmDataflowHandlerProxy"
			config-type="bean">
			<targetBean>forkAndInitDocumentFlowsActionHandler</targetBean>
			<targetProperties>
				<property name="mode" type="in" scope="global" empty="true"></property>
                <property name="corpusId" type="in" scope="global" empty="false"></property>
                <property name="documentId" type="out" scope="local" empty="false"></property>
            </targetProperties>
		</action>
		<transition to="annotate"></transition>
	</node>

	<task-node name="annotate" create-tasks="false">
	 <event type="node-enter">
       <action name="createAnnotationTasksActionHandler"
		class="gleam.executive.workflow.sm.JbpmDataflowHandlerProxy"
		config-type="bean">
		<targetBean>createAnnotationTasksActionHandler</targetBean>
		<targetProperties>
		  <property name="annotatorsPerDocument" type="in" scope="global" empty="false"></property>
		</targetProperties>
	    </action>
	    </event>
	   
	    
	    <event type="task-assign">
	     <action name="createAnnotationSetActionHandler"
		class="gleam.executive.workflow.sm.JbpmDataflowHandlerProxy"
		config-type="bean">
		<targetBean>createAnnotationSetActionHandler</targetBean>
		<targetProperties>
		<property name="mode" type="in" scope="global" empty="true"></property>
        <property name="anonymousAnnotation" type="in" scope="global" empty="true"></property>
	  </targetProperties>
   </action>
   <action name="annotationTaskStartActionHandler"
		class="gleam.executive.workflow.sm.JbpmDataflowHandlerProxy"
		config-type="bean">
		<targetBean>annotationTaskStartActionHandler</targetBean>
		<targetProperties>

          <property name="callbackTaskId" type="out" scope="local" empty="true"></property>
		</targetProperties>
   </action>
	    
      <action name="gasActionHandler"
		class="gleam.executive.workflow.sm.JbpmDataflowHandlerProxy"
		config-type="bean">
		<targetBean>gasActionHandler</targetBean>
		<targetProperties>
			<property name="mode" type="in" scope="global" empty="true"></property>
			<property name="serviceId" type="in" scope="global" ref="preManualServiceId"></property>
			<property name="callbackTaskId" type="in" scope="local" empty="true"></property>
		</targetProperties>
       </action>
      </event>
      <event type="task-end">
	   <action name="annotationTaskEndActionHandler"
		class="gleam.executive.workflow.sm.JbpmDataflowHandlerProxy"
		config-type="bean">
		<targetBean>annotationTaskEndActionHandler</targetBean>
		<targetProperties>
		   <property name="serviceId" type="in" scope="local" empty="true" ref="preManualServiceId"></property>
	     </targetProperties>
       </action>
      </event>
      
	        
	  <task name="annotate" description="Here you can execute annotation task. The recommended way, however is to click on 'Finish Task' button in Annotator GUI launched in 'pool' mode from the Home page link." swimlane="annotator" priority="1">
        <controller>
         <variable name="annotationSchemaCSVURLs" access="read" mapped-name="L_Annotation Schemas"></variable>
		 <variable name="canCancel" access="read" mapped-name="L_Cancel Task Allowed"></variable>
		 <variable name="documentId" access="read" mapped-name="L_Document ID"></variable> 
        </controller>
      </task>
		<transition to="join1" name="Finish"></transition>
		<transition to="join1" name="Error"></transition>
	</task-node>

	<join name="join1">
		<transition to="end"></transition>
	</join>


	<end-state name="end"></end-state>

</process-definition>
