<?xml version="1.0" encoding="UTF-8"?>

<root-container name="main" width="504" height="461">
  <node name="start" x="170" y="6" width="142" height="36">
    <edge>
      <label x="5" y="-10"/>
    </edge>
  </node>
  <node name="do automatic?" x="308" y="74" width="172" height="36">
    <edge>
      <label x="5" y="-10"/>
    </edge>
    <edge>
      <label x="-11" y="-13"/>
    </edge>
  </node>
  <node name="automatic annotation" x="13" y="75" width="170" height="36">
    <edge>
      <label x="5" y="-10"/>
    </edge>
  </node>
  <node name="do manual?" x="309" y="192" width="167" height="36">
    <edge>
      <label x="-11" y="-14"/>
    </edge>
    <edge>
      <label x="5" y="-10"/>
    </edge>
  </node>
  <node name="manual annotation" x="14" y="192" width="170" height="36">
    <edge>
      <label x="5" y="-10"/>
    </edge>
  </node>
  <node name="post-processing" x="17" y="312" width="166" height="36">
    <edge>
      <label x="5" y="-10"/>
    </edge>
  </node>
  <node name="do post-processing?" x="310" y="313" width="165" height="36">
    <edge>
      <label x="-5" y="-16"/>
    </edge>
    <edge>
      <label x="-11" y="-16"/>
    </edge>
  </node>
  <node name="end-state" x="195" y="412" width="132" height="36"/>
</root-container>
