<?xml version="1.0" encoding="UTF-8"?>

<process-definition  xmlns="urn:jbpm.org:jpdl-3.2"  name="main">
	<description>
		1006061625
	</description>

	<swimlane name="annotator">
	 <assignment class="gleam.executive.workflow.sm.JbpmDataflowHandlerProxy" 
             config-type="bean">
			<targetBean>roleBasedSwimlaneAssignmentHandler</targetBean>
 </assignment>
	</swimlane>


	<start-state name="start">
		<transition to="do automatic?"></transition>
	</start-state>

    <decision name="do automatic?">
		<transition to="do manual?" name="No"><condition>#{doAutomatic!="on"}</condition></transition>
		<transition to="automatic annotation" name="Yes"><condition>#{doAutomatic=="on"}</condition></transition>
	</decision>

	<process-state name="automatic annotation">
		<sub-process name="automatic annotation" binding="late"/>
		 <variable name="preProcessingProcessInstanceName" access="read" mapped-name="processInstanceName" />
		 <variable name="mode" access="read" mapped-name="mode" />
		 <variable name="corpusId" access="read" mapped-name="corpusId" />		
		 <variable name="initiator" access="read" mapped-name="initiator" /> 
		 <variable name="preProcessingPipelineCSVList" access="read" mapped-name="gasPipelineCSVList"></variable>	
		<transition to="do manual?"></transition>
	</process-state>

	<decision name="do manual?">
		<transition to="manual annotation" name="Yes"><condition>#{doManual=="on"}</condition></transition>
		<transition to="do post-processing?" name="No"><condition>#{doManual!="on"}</condition></transition>
	</decision>

	<process-state name="manual annotation">
		<sub-process name="manual annotation" binding="late"/>
		 <variable name="manualProcessInstanceName" access="read" mapped-name="processInstanceName" />
		 <variable name="mode" access="read" mapped-name="mode" />
		 <variable name="corpusId" access="read" mapped-name="corpusId" />
		 <variable name="annotationSchemaCSVURLs" access="read,write" mapped-name="annotationSchemaCSVURLs"></variable>
		 <variable name="annotatorCSVList" access="read,write" mapped-name="annotatorCSVList"></variable>
		 <variable name="annotatorsPerDocument" access="read, write" mapped-name="annotatorsPerDocument"></variable>
         <variable name="canCancel" access="read, write" mapped-name="canCancel"></variable>
         <variable name="anonymousAnnotation" access="read,write" mapped-name="anonymousAnnotation"></variable>		
	     <variable name="annotatorHasToBeUniqueForDocument" access="read,write" mapped-name="annotatorHasToBeUniqueForDocument"></variable>
		 <variable name="initiator" access="read" mapped-name="initiator" />
		 <variable name="preManualServiceId" access="read" mapped-name="preManualServiceId" />
		 <transition to="do post-processing?"></transition>
	</process-state>

	<process-state name="post-processing">
		<sub-process name="automatic annotation" binding="late"/>
		<variable name="postProcessingProcessInstanceName" access="read" mapped-name="processInstanceName" />
		 <variable name="mode" access="read" mapped-name="mode" />
		 <variable name="corpusId" access="read" mapped-name="corpusId" />		
		 <variable name="initiator" access="read" mapped-name="initiator" /> 
		 <variable name="postProcessingPipelineCSVList" access="read" mapped-name="gasPipelineCSVList"></variable>
		<transition to="end-state"></transition>
	</process-state>

	<decision name="do post-processing?">
		<transition to="post-processing" name="Yes"><condition>#{doPostProcessing=="on"}</condition></transition>
		<transition to="end-state" name="No"><condition>#{doPostProcessing!="on"}</condition></transition>
	</decision>


	<end-state name="end-state"></end-state>


	<event type="process-start">
		<script>
			<expression>	 
       			 preProcessingProcessInstanceName = new java.lang.String("pre-processing");     
       			 postManualProcessInstanceName = new java.lang.String("post-manual");
       			 postProcessingProcessInstanceName = new java.lang.String("post-processing");
       			 reviewProcessInstanceName = new java.lang.String("review");
       			 manualProcessInstanceName = new java.lang.String("manual anotation");
      		    </expression>
      		<variable name='preProcessingProcessInstanceName' access='write' />
      		<variable name='postManualProcessInstanceName' access='write' />
      		<variable name='postProcessingProcessInstanceName' access='write' />
      		<variable name='reviewProcessInstanceName' access='write' />
      		<variable name='manualProcessInstanceName' access='write' />
		</script>
	</event>

   <event type="process-end">
   <action name="mailActionHandler" class="gleam.executive.workflow.sm.JbpmDataflowHandlerProxy" config-type="bean">
		<targetBean>mailActionHandler</targetBean>
		<targetProperties>
		  <property name="mode" type="in" scope="global" empty="true"></property>
		  <property name="to" type="in" scope="global" empty="false" ref="initiator"></property>
		  <property name="subject" type="in" scope="global" empty="false">Notification - Project completed!</property>
          <property name="template" type="in" scope="global" empty="true">processCompleted.vm</property>
	    </targetProperties>
	    </action>
   </event>
     
</process-definition>

