<CREOLE-DIRECTORY>
  <CREOLE>
    <RESOURCE>
      <NAME>GaS PR</NAME>
      <CLASS>gleam.gateservice.pr.GateServicePR</CLASS>
      <JAR>./lib/axis.jar</JAR>
      <JAR>./lib/activation.jar</JAR>
      <JAR>./lib/axis-schema.jar</JAR>
      <JAR>./lib/commons-codec-1.3.jar</JAR>
      <JAR>./lib/commons-discovery-0.2.jar</JAR>
      <JAR>./lib/commons-logging-1.1.jar</JAR>
      <JAR>./lib/commons-httpclient-3.0.1.jar</JAR>
      <JAR>./lib/gas-client-stubs.jar</JAR>
      <JAR>gas-pr.jar</JAR>
      <JAR>./lib/safe-common.jar</JAR>
      <JAR>./lib/jaxrpc.jar</JAR>
      <JAR>./lib/log4j-1.2.11.jar</JAR>
      <JAR>./lib/mail.jar</JAR>
      <JAR>./lib/saaj.jar</JAR>
      <JAR>./lib/wsdl4j-1.5.1.jar</JAR>
      <PARAMETER NAME="document" COMMENT="The document to process"
        RUNTIME="true">gate.Document</PARAMETER>
      <PARAMETER NAME="serviceLocation"
        COMMENT="The URL of the GATE service endpoint"
        >java.net.URL</PARAMETER>
      <PARAMETER NAME="httpTimeout" OPTIONAL="true"
        COMMENT="Timeout to use when contacting the service"
        >java.lang.Integer</PARAMETER>
      <PARAMETER NAME="useChunkedEncoding" DEFAULT="false"
        COMMENT="Use chunked HTTP encoding (not recommended)"
        >java.lang.Boolean</PARAMETER>
      <PARAMETER NAME="gasParameterValues" OPTIONAL="true"
        COMMENT="Parameters to pass to the GaS" RUNTIME="true"
        >gate.FeatureMap</PARAMETER>
    </RESOURCE>
  </CREOLE>
</CREOLE-DIRECTORY>
