<?xml version="1.0" encoding="UTF-8"?>

<root-container name="automatic annotation" width="307" height="505">
  <node name="start" x="86" y="44" width="121" height="40">
    <edge>
      <label x="5" y="-10"/>
    </edge>
  </node>
  <node name="fork" x="79" y="123" width="134" height="36">
    <edge>
      <label x="5" y="-10"/>
    </edge>
  </node>
  <node name="end" x="90" y="437" width="126" height="40"/>
  <node name="join1" x="84" y="383" width="138" height="22">
    <edge>
      <label x="5" y="-10"/>
    </edge>
  </node>
  <node name="automatic annotator" x="75" y="309" width="154" height="36">
    <edge>
      <label x="5" y="-10"/>
      <bendpoint w1="63" h1="-55" w2="70" h2="50"/>
    </edge>
    <edge>
      <label x="1" y="-11"/>
    </edge>
  </node>
  <node name="iterator" x="79" y="204" width="132" height="36">
    <edge>
      <label x="17" y="-5"/>
      <bendpoint w1="-70" h1="43" w2="-77" h2="-62"/>
    </edge>
    <edge>
      <label x="-35" y="-103"/>
      <bendpoint w1="104" h1="-1" w2="96" h2="-173"/>
      <bendpoint w1="105" h1="169" w2="97" h2="-3"/>
    </edge>
  </node>
</root-container>
