<?xml version="1.0" encoding="UTF-8"?>
<process-definition xmlns="urn:jbpm.org:jpdl-3.2" name="automatic annotation">
   <description>
		1006061625
	</description>


	<start-state name="start">
		<transition to="fork"></transition>
	</start-state>
	
    <node name="fork">
		<action name="forkAndInitDocumentFlowsActionHandler"
			class="gleam.executive.workflow.sm.JbpmDataflowHandlerProxy"
			config-type="bean">
			<targetBean>forkAndInitDocumentFlowsActionHandler</targetBean>
			<targetProperties>
			 	<property name="mode" type="in" scope="global" empty="true"></property>
                <property name="corpusId" type="in" scope="global" empty="false"></property>
                <property name="documentId" type="out" scope="local" empty="false"></property>
			</targetProperties>
		</action>
		<transition to="iterator"></transition>
	</node>
   <end-state name="end">

   </end-state>
   <join name="join1">
		<transition to="end">
		</transition>
	</join>

	<task-node name="automatic annotator">
 <event type="task-create">
       <action name="serviceLookupActionHandler"
		class="gleam.executive.workflow.sm.JbpmDataflowHandlerProxy"
		config-type="bean">
		<targetBean>serviceLookupActionHandler</targetBean>
		<targetProperties>
		 <property name="serviceId" type="in" scope="local" empty="true" ref="item"></property>
		</targetProperties>
	    </action>
	    </event>
	   
	    <event type="task-assign">
	       <action name="annotationTaskStartActionHandler"
		class="gleam.executive.workflow.sm.JbpmDataflowHandlerProxy"
		config-type="bean">
		<targetBean>annotationTaskStartActionHandler</targetBean>
		<targetProperties>
		  <property name="callbackTaskId" type="out" scope="local" empty="true"></property>
		</targetProperties>
   </action>
         <action name="gasActionHandler"
		class="gleam.executive.workflow.sm.JbpmDataflowHandlerProxy"
		config-type="bean">
		<targetBean>gasActionHandler</targetBean>
		<targetProperties>
		   <property name="mode" type="in" scope="global" empty="true"></property>
		   <property name="serviceId" type="in" scope="local" empty="true" ref="item"></property>
		   <property name="callbackTaskId" type="in" scope="local" empty="true"></property>
	     </targetProperties>
     </action>
      </event>    
       <event type="task-end">
	   <action name="annotationTaskEndActionHandler"
		class="gleam.executive.workflow.sm.JbpmDataflowHandlerProxy"
		config-type="bean">
		<targetBean>annotationTaskEndActionHandler</targetBean>
		<targetProperties>
		   <property name="serviceId" type="in" scope="local" empty="true" ref="item"></property>
	     </targetProperties>
       </action>
      </event>
	
      <task description="automatic annotator" name="automatic annotator" priority="3">
			<controller>
         <variable name="documentId" access="read" mapped-name="L_Document ID"></variable> 
         
		</controller>
		</task>
			<transition to="iterator"></transition>
		<transition to="join1" name="Error"></transition>
	</task-node>

	<decision name="iterator">
	<handler class="gleam.executive.workflow.sm.JbpmDataflowHandlerProxy"  config-type="bean">
			<targetBean>loopDecisionHandler</targetBean> 
			<targetProperties>		   
		     <property name="CSVList" type="in" scope="local" empty="true" ref="gasPipelineCSVList"></property>	  
		     <property name="counter" type="inout" scope="local" empty="true"></property>
	         <property name="item" type="out" scope="local" empty="true"></property>
	    </targetProperties>
			</handler>
		<transition to="automatic annotator" name="Repeat"></transition>
		<transition to="join1" name="Finish"></transition>
	</decision>

 
</process-definition>
