<?xml version="1.0" encoding="UTF-8"?>

<root-container name="simple1" width="847" height="437">
  <node name="start" x="150" y="25" width="140" height="40">
    <edge>
      <label x="5" y="-10"/>
    </edge>
  </node>
  <node name="test-task-write" x="155" y="145" width="132" height="36">
    <edge>
      <label x="5" y="-10"/>
    </edge>
  </node>
  <node name="test-task-read" x="154" y="261" width="132" height="36">
    <edge>
      <label x="5" y="-10"/>
    </edge>
  </node>
  <node name="decision1" x="392" y="125" width="132" height="36">
    <edge>
      <label x="5" y="-10"/>
    </edge>
    <edge>
      <label x="5" y="-10"/>
      <bendpoint w1="29" h1="18" w2="29" h2="18"/>
      <bendpoint w1="-106" h1="192" w2="-106" h2="192"/>
    </edge>
  </node>
  <node name="end" x="153" y="400" width="132" height="36"/>
</root-container>
