<?xml version="1.0" encoding="UTF-8"?>

<process-definition 
  xmlns="urn:jbpm.org:jpdl-3.2"
  name="simple1">

   <start-state name="start">
		<transition to="decision1">
			<script name="doSetup">
				executionContext.setVariable("doSetup","on");
			</script>
		</transition>
	</start-state>
   <task-node name="test-task-write">
   <task description="this is a task write test" name="lets write" priority="0">
         <assignment actor-id="#{initiator}" />
         <controller>
          <variable name="addCorpus" access="read,write,required" mapped-name="P_/popupEditUploadCorpus.html?method=Add_Add Corpus"></variable>
          <variable name="addSchema" access="read,write,required" mapped-name="P_/popupAddSchema.html?method=Add_Add Schema"></variable>
          <variable name="corpusId" access="read,write,required" mapped-name="C_:corporaList_Corpus"></variable>
         <variable name="annotationSchemaCSVURLs" access="read,write,required" mapped-name="M_:annotationSchemaList;_Annotation Schemas"></variable>
		 <variable name="curatorCSVList" access="read,write,required" mapped-name="M_:usersInRoleList;role_Curators"></variable>
		 <variable name="doAutomatic" access="read,write" mapped-name="X_Automatic Annotation"></variable>
		 <variable name="doManual" access="read,write" mapped-name="X_Manual Annotation"></variable>
		 <variable name="title1" access="read,write,required" mapped-name="Mandatory Title"></variable>
		 <variable name="title2" access="read,write" mapped-name="Optional Title"></variable>
		 <variable name="description1" access="read,write,required" mapped-name="A_Mandatory Description"></variable>
		 <variable name="description2" access="read,write" mapped-name="A_Optional Description"></variable>
		 <variable name="somefile" access="read,write,required" mapped-name="F_Mandatory File"></variable>
		 </controller>
      </task>
		<transition to="test-task-read"></transition>
	</task-node>

	<task-node name="test-task-read">
	<task description="this is a task read test" name="lets read">
         <assignment actor-id="#{initiator}" />
         <controller>
         <variable name="annotationSchemaCSVURLs" access="read,write,required" mapped-name="M_:annotationSchemaList;_Annotation Schemas"></variable>
		 <variable name="curatorCSVList" access="read,write,required" mapped-name="M_:usersInRoleList;role_Curators"></variable>
		 <variable name="doAutomatic" access="read,write" mapped-name="X_Automatic Annotation"></variable>
		 <variable name="doManual" access="read,write" mapped-name="X_Manual Annotation"></variable>
		 <variable name="title1" access="read,write,required" mapped-name="Mandatory Title"></variable>
		 <variable name="title2" access="read,write" mapped-name="Optional Title"></variable>
		 <variable name="description1" access="read,write,required" mapped-name="A_Mandatory Description"></variable>
		 <variable name="description2" access="read,write" mapped-name="A_Optional Description"></variable>
		 <variable name="somefile" access="read,write,required" mapped-name="F_Mandatory File"></variable>
		 </controller>
      </task>
		<transition to="end" name="to_end"></transition>
	</task-node>

	<decision name="decision1">
		<transition to="test-task-write" name="to_state"><condition>#{doSetup!="on"}</condition></transition>
		<transition to="end" name="to end"><condition>#{doSetup=="on"}</condition></transition>
	</decision>
   <end-state name="end"></end-state>


	<event type="process-start">

          <script><expression>
       			 role = new java.lang.String("curator");
      		    </expression>
      		<variable name='role' access='write' />
      		</script>

	</event>

</process-definition>